Transaction Name,Funding Type,Funding Stage,Money Raised,Announced Date,Organization Name,Organization Description,Organization Industries,Diversity Spotlight,Organization Location,Organization Website,Organization Revenue Range,Total Funding Amount,Funding Status,Number of Funding Rounds,Lead Investors,Number of Investors
Seed Round - Noetik,Seed,Seed,"$14,000,000","Sep 7, 2023",Noetik,Noetik is an AI-native biotechnology company.,"Biotechnology, Life Science",—,"South San Francisco, California, United States, North America",www.noetik.ai/,,"$14,000,000",Seed,1,DCVC,13
Seed Round - Integral,Seed,Seed,"$6,900,000","Sep 5, 2023",Integral,Integral enables company to work with healthcare data.,Health Care,—,"San Francisco, California, United States, North America",useintegral.com/,,"$6,900,000",Seed,2,"Haystack, The General Partnership, Virtue",9
Seed Round - Facets.cloud,Seed,Seed,"$4,000,000","Aug 31, 2023",Facets.cloud,A Developer Experience Platform to help organisations bootstrap and advance their DevOps journey.,"PaaS, Software",—,"San Francisco, California, United States, North America",www.facets.cloud,,"$4,000,000",Seed,1,3one4 Capital,7
Seed Round - Mindtrip,Seed,Seed,"$7,000,000","Sep 7, 2023",Mindtrip,Mindtrip operates as an AI assistant that provide travel data that includes maps with suggested places to visit.,"Artificial Intelligence, Travel",—,"San Francisco, California, United States, North America",mindtrip.ai/,,"$7,000,000",Seed,1,Costanoa Ventures,1
Seed Round - D3,Seed,Seed,"$5,000,000","Sep 5, 2023",D3,D3 its goal is to transform the domain name industry by effortlessly connecting Web 1-3.,Web Development,—,"Las Vegas, Nevada, United States, North America",d3.inc,,"$5,000,000",Seed,1,Shima Capital,11
Pre Seed Round - 0xPass,Pre-Seed,Seed,"$1,800,000","Sep 11, 2023",0xPass,"0xPass develops a wallet connector with inbuilt support for authentication, identity management, and account abstraction.","Data Integration, Identity Management, Software",—,"San Francisco, California, United States, North America",0xpass.io/,,"$1,800,000",Seed,1,Balaji Srinivasan,12
Seed Round - Innovac Therapeutics,Seed,Seed,"$18,000,000","Sep 1, 2023",Innovac Therapeutics,Innovac Therapeutics operates as a biotechnology company.,"Biotechnology, Lifestyle, Medical, Pharmaceutical",—,"Cambridge, Massachusetts, United States, North America",www.innovactx.com/,,"$18,000,000",Seed,1,—,4
Seed Round - Rejuvenation Technologies,Seed,Seed,"$10,600,000","Sep 6, 2023",Rejuvenation Technologies,Rejuvenation Technologies is a biotechnology company that developed nucleoside-modified TERT mRNA to safely and rapidly extend telomeres.,"Biotechnology, Health Care",—,"Mountain View, California, United States, North America",www.rejuvenationtech.com/,,"$15,200,000",Seed,8,Khosla Ventures,6
Seed Round - Weekday,Seed,Seed,"$2,200,000","Aug 24, 2023",Weekday,Weekday provides hiring solutions for startups.,"Human Resources, Information Technology, Recruiting",—,"San Francisco, California, United States, North America",hiringclub.weekday.works/,,"$2,200,000",Seed,3,Venture Highway,1
Pre Seed Round - Itana,Pre-Seed,Seed,"$2,000,000","Sep 6, 2023",Itana,"Itana was founded with the goal of creating Africa's ideal technology environment, where the brightest minds could interact and flourish.","Environmental Engineering, Infrastructure",—,"San Francisco, California, United States, North America",www.itana.africa,,"$5,087,001",Seed,3,"Amplo, LocalGlobe",4
Seed Round - Superluminal Medicines,Seed,Seed,"$33,000,000","Aug 28, 2023",Superluminal Medicines,Superluminal Medicines is a generative biological and chemical company accelerating new possibilities in drug discovery and development.,"Biotechnology, Medical, Pharmaceutical",—,"Boston, Massachusetts, United States, North America",www.superluminalrx.com,,"$33,000,000",Seed,1,RA Capital Management,4
Seed Round - Nodal Power,Seed,Seed,"$13,000,000","Aug 21, 2023",Nodal Power,Nodal Power's mission is to develop power plants and increase the utilization of renewable energy resources.,"Electrical Distribution, Power Grid",—,"Salt Lake City, Utah, United States, North America",www.nodalpower.com,,"$13,000,000",Seed,1,Spacestation Investments,10
Seed Round - Koverly,Seed,Seed,"$7,600,000","Aug 22, 2023",Koverly,Koverly is a FinTech firm that helps businesses manage their B2B payments and receivables online.,—,—,"Waltham, Massachusetts, United States, North America",www.koverly.com/,,"$7,600,000",Seed,1,Accomplice,3
Seed Round - Kombai,Seed,Seed,"$4,500,000","Aug 23, 2023",Kombai,A new AI model that trained to understand and code UI designs like humans,"Artificial Intelligence, Developer Tools, Web Apps, Web Development",—,"Palo Alto, California, United States, North America",kombai.com/,,"$4,500,000",Seed,1,"Foundation Capital, Stellaris Venture Partners",2
Seed Round - Firstcard,Seed,Seed,"$4,700,000","Sep 6, 2023",Firstcard,Neobank for college students,FinTech,—,"Menlo Park, California, United States, North America",www.firstcard.app/,,"$7,700,000",Seed,2,—,5
Seed Round - Common Trust,Seed,Seed,"$2,600,000","Sep 11, 2023",Common Trust,Common Trust is a platform for employee ownership buyouts that allows small business.,Financial Services,—,"San Francisco, California, United States, North America",www.common-trust.com,,"$2,600,000",Seed,1,Crossbeam Venture Partners,2
Seed Round - BlueWhale Bio,Seed,Seed,"$18,000,000","Sep 7, 2023",BlueWhale Bio,BlueWhale Bio is committed to advancing cell-based therapeutics through manufacturing innovation.,"Biotechnology, Manufacturing",—,"Philadelphia, Pennsylvania, United States, North America",bluewhale.bio,,"$18,000,000",Seed,1,Danaher Ventures,3
Seed Round - Blooming Health,Seed,Seed,"$4,200,000","Sep 6, 2023",Blooming Health,Building the single touchpoint for all aging in-place needs,"Apps, Health Care, Software, Wellness",—,"New York, New York, United States, North America",gobloominghealth.com/,,"$4,300,000",Seed,3,"Afore Capital, Crossbeam Venture Partners",4
Seed Round - Sonera Magnetics,Seed,Seed,"$11,000,000","Sep 12, 2023",Sonera Magnetics,"Sonera develops a technology for high-performance, non-invasive brain-computer interfaces to democratize access to the brain.","Consumer Electronics, Sensor","Women Founded, Women Led","Berkeley, California, United States, North America",www.soneramagnetics.com,,"$11,224,996",Seed,3,Amplify Partners,6
Seed Round - Delphi,Seed,Seed,"$2,700,000","Sep 6, 2023",Delphi,"Delphi is digital cloning that scales time, monetizes knowledge, and interacts audience at scale.","Education, Software",—,"Miami, Florida, United States, North America",www.withdelphi.com/,,"$2,700,000",Seed,2,"Founders Fund, Keith Rabois",10
Seed Round - Atomicwork,Seed,Seed,"$11,000,000","Sep 5, 2023",Atomicwork,Atomicwork is an employee experience platform that allows users to find information and get help at work.,"Information Technology, Internet, SaaS",—,"San Francisco, California, United States, North America",www.atomic.work,,"$11,000,000",Seed,1,"Blume Ventures, Matrix Partners India",4
Seed Round - Visana Health,Seed,Seed,"$10,100,000","Aug 17, 2023",Visana Health,Visana Health offers a digital health program focused on improving the quality of life for women.,"Health Care, Wellness, Women's",—,"Minneapolis, Minnesota, United States, North America",www.visanahealth.com,,"$13,560,000",Seed,6,"Flare Capital Partners, Frist Cressey Ventures",6
Seed Round - Fianu Labs,Seed,Seed,"$2,000,000","Aug 30, 2023",Fianu Labs,"Fianu Labs automates software governance and bridges the gap between engineering, quality, security, and audit.","Developer Tools, Security, Software",—,"Fulton, Maryland, United States, North America",www.fianu.io,,"$2,000,000",Seed,1,DataTribe,1
Seed Round - NPCx,Seed,Seed,"$3,000,000","Aug 29, 2023",NPCx,"NPCx provides video game developers, designers, data scientists and programmers.",Computer,—,"Bonita Springs, Florida, United States, North America",npcx.ai,,"$3,544,138",Seed,2,Kakao Investment,1
Seed Round - Grit,Seed,Seed,"$7,000,000","Aug 15, 2023",Grit,Grit's fully automated migrations and AI-assisted refactoring put software maintenance on autopilot.,"Artificial Intelligence, Machine Learning, Software",—,"New York, New York, United States, North America",www.grit.io,,"$7,000,000",Seed,1,"Abstract Ventures, Founders Fund",14
Seed Round - Altos Radar,Seed,Seed,"$3,500,000","Aug 14, 2023",Altos Radar,Altos Radar accelerate the development and implementation of 4D Imaging Radar technology.,"Automotive, Autonomous Vehicles",—,"Los Altos, California, United States, North America",www.altosradar.com/,,"$3,500,000",Seed,1,"Monad Ventures, Yifan Li, ZhenFund",3
Seed Round - Mentra,Seed,Seed,"$3,500,000","Sep 5, 2023",Mentra,A neurodiversity-focused recruiting platform,"Internet, Recruiting, Social Impact, Software, Staffing Agency, Training","Women Founded, Women Led","Charlotte, North Carolina, United States, North America",www.mentra.me,,"$4,610,000",Seed,2,Shine Capital,6
Seed Round - Superframe,Seed,Seed,"$5,000,000","Aug 31, 2023",Superframe,Superframe is an artificial intelligence-powered software company to assist organizations optimize go-to-market technology stacks.,"Artificial Intelligence, Software",—,"San Francisco, California, United States, North America",superframe.ai,,"$5,000,000",Seed,1,"Dan Scholnick, Designer Fund",8
Seed Round - TANGGapp,Seed,Seed,"$2,500,000","Sep 5, 2023",TANGGapp,TANGapp is a mobile transaction and payments application.,Financial Services,"Women Founded, Women Led","Cambridge, Massachusetts, United States, North America",www.tangapp.org/,,"$2,550,000",Seed,4,"Foxmont Capital Partners, Goodwater Capital, North Fifth Asia, TEN13",5
Seed Round - Alias Technologies,Seed,Seed,"$3,000,000","Aug 31, 2023",Alias Technologies,Alias Technologies seeks to expedite innovation by increasing the value of technological footprint.,"Consulting, Financial Services",—,"Houston, Texas, United States, North America",www.aliasnow.com/,,"$3,000,000",Seed,1,Khosla Ventures,6
Seed Round - SaaShop,Seed,Seed,"€1,200,000","Sep 7, 2023",SaaShop,SaaShop is an online marketplace for software.,"Business Intelligence, Project Management, SaaS",—,"Austin, Texas, United States, North America",www.saashop.com,,"€1,200,000",Seed,2,—,2
Pre Seed Round - Symphony,Pre-Seed,Seed,"$1,000,000","Aug 29, 2023",Symphony,Symphony provides fanbase growth on autopilot.,—,—,"Los Angeles, California, United States, North America",symphonyos.co,,"$1,000,000",Seed,1,—,7
Seed Round - Kind Designs,Seed,Seed,"$5,000,000","Sep 5, 2023",Kind Designs,Kind Design uses 3D Printing technology to print living seawalls that mimic coral reefs and mangroves.,"3D Printing, Construction, Manufacturing",—,"Miami Beach, Florida, United States, North America",www.kinddesigns.com/,,"$5,040,000",Seed,2,—,3
Seed Round - Hadrius,Seed,Seed,"$2,000,000","Sep 11, 2023",Hadrius,Hadrius automates the SEC compliance process with AI for financial companies.,"Artificial Intelligence, FinTech",—,"San Francisco, California, United States, North America",www.hadrius.com,,"$2,500,000",Seed,2,—,6
Seed Round - Arialys Therapeutics,Seed,Seed,"$58,000,000","Sep 12, 2023",Arialys Therapeutics,Arialys Therapeutics is a pre-clinical stage company that develops auto-antibody focusing on neuroscience.,"Health Care, Medical, Therapeutics",—,"La Jolla, California, United States, North America",www.arialysrx.com,,"$58,000,000",Seed,1,—,5
Seed Round - Venteur,Seed,Seed,"$7,600,000","Aug 16, 2023",Venteur,Venteur helps businesses to provide more affordable and personalized health insurance options to their employees.,"Artificial Intelligence, Employee Benefits, Finance, Financial Services, Health Care, Insurance, InsurTech, Marketplace","East Asian Led, Women Founded, Women Led","Berkeley, California, United States, North America",www.venteur.co/,,"$7,720,000",Seed,4,GSR Ventures,7
Seed Round - Panobi,Seed,Seed,"$5,000,000","Aug 24, 2023",Panobi,Panobi is a SaaS company currently in stealth.,SaaS,—,"San Francisco, California, United States, North America",panobi.com,,"$5,000,000",Seed,2,"Nina Achadjian, Paris Heymann",8
Seed Round - Gleen AI,Seed,Seed,"$4,300,000","Sep 5, 2023",Gleen AI,Most Accurate and Capable Generative AI Platform for CX,"Artificial Intelligence, Communities, Customer Service, Information Technology, Machine Learning",—,"San Francisco, California, United States, North America",gleen.ai/,,"$4,900,000",Seed,2,Slow Ventures,7
Seed Round - Athena Alliance,Seed,Seed,"$2,000,000","Sep 5, 2023",Athena Alliance,Digital Community Platform - Subscription Membership + Executive Development,Communities,"Women Founded, Women Led","Moss Beach, California, United States, North America",athenaalliance.com/,,"$3,000,000",Seed,2,Leonas Capital,1
Seed Round - Arkifi,Seed,Seed,"$9,000,000","Aug 21, 2023",Arkifi,Arkifi is an artificial intelligence company that develops AI-powered financial analyst tools.,"Artificial Intelligence, Finance, Financial Services",—,"Palo Alto, California, United States, North America",www.arkifi.ai,,"$9,000,000",Seed,1,"Khosla Ventures, Nyca Partners",8
Seed Round - DevDynamics,Seed,Seed,"₹49,800,000","Sep 11, 2023",DevDynamics,"DevDynamics is a single platform for data-driven engineering - Metrics, Insights, Investments, Working Agreements and more.","Analytics, Software",—,"Wilmington, Delaware, United States, North America",devdynamics.ai/,,"₹49,800,000",Seed,1,Powerhouse Ventures,3
Seed Round - TeamSense,Seed,Seed,"$4,000,000","Aug 29, 2023",TeamSense,TeamSense is empowering organizations to better engage and enable their hourly workers.,"Information Services, Information Technology, Software","Women Founded, Women Led","Seattle, Washington, United States, North America",www.teamsense.com/,,"$4,000,000",M&A,1,Bonfire Ventures,2
Seed Round - Toothio,Seed,Seed,"$4,000,000","Aug 16, 2023",Toothio,Toothio is revolutionizing the dental staffing industry by seamlessly connecting dental offices with high quality talent on-demand.,"Dental, Enterprise Software, Staffing Agency",—,"Scottsdale, Arizona, United States, North America",toothio.co,,"$4,700,000",Seed,3,Craft Ventures,5
Seed Round - Creatively Focused,Seed,Seed,"$3,000,000","Aug 22, 2023",Creatively Focused,Creatively Focused is an educational platform that reduces burnout of special educators through support and technology.,"Education, Information Technology, Software",—,"Mendota, Minnesota, United States, North America",creativelyfocused.net,,"$3,000,000",Seed,1,York IE,4
Seed Round - StoreConnect,Seed,Seed,"$9,000,000","Aug 18, 2023",StoreConnect,"The first Customer Commerce company. Integrated eCommerce, Point of Sale, Subscriptions, Inventory, Bookings & Rewards built on Salesforce","Information Services, Information Technology, Software",—,"San Francisco, California, United States, North America",getstoreconnect.com,,"$9,000,000",Seed,1,Bellini Capital,1
Seed Round - Antaris,Seed,Seed,"$3,500,000","Sep 6, 2023",Antaris,"Antaris is a digital space platform that simplifies the design, simulation, and operation of satellites.","Information Technology, SaaS, Space Travel",—,"Los Altos, California, United States, North America",antaris.space/,,"$7,700,000",Seed,3,Streamlined Ventures,3
Seed Round - Science On Call,Seed,Seed,"$2,600,000","Sep 12, 2023",Science On Call,"Science On Call is the subscription-based tech support platform for restaurants. Help with POS, internet, Wi-Fi, online ordering & more.","Information Services, Information Technology, Internet, Point of Sale, Restaurants, Software","East Asian Founded, East Asian Led, Hispanic / Latine Founded, Hispanic / Latine Led, Women Founded, Women Led","Chicago, Illinois, United States, North America",scienceoncall.com,,"$4,375,000",Seed,9,York IE,7
Seed Round - Mercury Bio,Seed,Seed,"$2,000,000","Aug 30, 2023",Mercury Bio,"Mercury Bio is a biomolecular delivery platform that transforms and treats viral diseases, cancer, and inflammatory conditions.","Biotechnology, Health Care, Medical, Medical Device",—,"Santa Fe, New Mexico, United States, North America",www.mercurybio.com/,,"$3,354,071",Seed,3,—,—
Seed Round - ElectroTempo,Seed,Seed,"$4,999,997","Aug 16, 2023",ElectroTempo,"ElectroTempo is a consulting firm offering fleet electrification strategy, equipment, and infrastructure advisory services for companies.","Consulting, Electric Vehicle, Infrastructure, Software",—,"Arlington, Virginia, United States, North America",www.electrotempo.com/,,"$5,999,997",Seed,2,Buoyant Ventures,3
Seed Round - The Bettering Company,Seed,Seed,"$6,700,000","Sep 12, 2023",The Bettering Company,The Bettering Company is a developer of cannabis edible brands that are refined for both novice and expert users.,"Cannabis, Food and Beverage, Manufacturing",—,"Chicago, Illinois, United States, North America",www.thatsbettering.com/,,"$6,700,000",Seed,2,—,—
Pre Seed Round - Cirkla,Pre-Seed,Seed,"$3,000,000","Sep 5, 2023",Cirkla,Cirkla assists responsible brands in meeting their sustainable packaging objectives.,"Manufacturing, Packaging Services, Service Industry",—,"Lewes, Delaware, United States, North America",www.gocirkla.com,,"$3,000,000",Seed,1,Matrix Partners India,2
Seed Round - Linera,Seed,Seed,"$6,000,000","Aug 16, 2023",Linera,Linera is a multi-chain infrastructure designed for highly scalable web3 applications.,Software,—,"Menlo Park, California, United States, North America",linera.io/,,"$12,000,000",Seed,2,"a16z crypto, Borderless Capital",16
Seed Round - SaaSGrid,Seed,Seed,"$3,300,000","Sep 6, 2023",SaaSGrid,SaaSGrid provide the insights SaaS executives require to make the most essential business choices.,"Business Development, SaaS, Service Industry",—,"San Francisco, California, United States, North America",www.saasgrid.com,,"$3,300,000",Seed,1,Craft Ventures,1
Seed Round - Tamnoon,Seed,Seed,"$5,100,000","Sep 12, 2023",Tamnoon,Tamnoon develops a state-of-the-art cloud security platform to empower security teams and manage cloud risks effectively.,"Artificial Intelligence, Computer, Information Technology",—,"Sammamish, Washington, United States, North America",www.tamnoon.io,,"$5,100,000",Seed,1,"Merlin Ventures, Secret Chord Ventures",5
Seed Round - Lydian,Seed,Seed,"$12,000,000","Sep 6, 2023",Lydian,Lydian aims to accelerate the decarbonization of the chemical industry by electrifying the chemical production process.,"Chemical, Chemical Engineering, Manufacturing",—,"Salem, Massachusetts, United States, North America",www.lydianlabsinc.com,,"$12,000,000",Seed,1,"Congruent Ventures, Galvanize Climate Solutions",7
Pre Seed Round - MagicSchool AI,Pre-Seed,Seed,"$2,400,000","Aug 28, 2023",MagicSchool AI,"MagicSchool uses AI to assist teachers in lesson planning, writing assessments, communicating , and more.","Artificial Intelligence, E-Learning, EdTech, Education",—,"Denver, Colorado, United States, North America",www.magicschool.ai/,,"$2,400,000",Seed,1,Range Ventures,12
Pre Seed Round - India Index,Pre-Seed,Seed,"$500,000","Aug 29, 2023",India Index,India Index is a B2B cloud-based supply chain marketplace.,—,—,"Washington, District of Columbia, United States, North America",indiaindex.com/,,"$500,000",Seed,1,—,3
Seed Round - Automat AI,Seed,Seed,"$3,750,000","Sep 6, 2023",Automat AI,Automat offers robotic process automation for Chrome using GPT4 and computer vision.,"Artificial Intelligence, Developer Tools",—,"San Francisco, California, United States, North America",runautomat.com,,"$4,250,000",Seed,2,Initialized Capital,6
Seed Round - Occuspace,Seed,Seed,"$3,600,000","Aug 24, 2023",Occuspace,The world's easiest and most scalable occupancy monitoring technology. Helping organizations understand and improve their physical spaces.,"Commercial Real Estate, Facilities Support Services, Facility Management, Information Technology, Smart Building, Software",—,"Westlake Village, California, United States, North America",occuspace.io/,,"$3,600,000",Seed,2,Okapi Venture Capital,4
Seed Round - FirstMate,Seed,Seed,"$3,750,000","Aug 28, 2023",FirstMate,FirstMate is a software company that designs and develops software tools for NFT creators.,"Developer Platform, Developer Tools, Software",—,"Brooklyn, New York, United States, North America",www.usefirstmate.xyz,,"$3,750,000",Seed,1,Dragonfly,3
Seed Round - Datavations,Seed,Seed,"$4,200,000","Aug 30, 2023",Datavations,Datavations is a commerce enablement software in the manufacturing and retail ecosystem.,"Information Technology, Retail, Sales, Software",—,"Miami, Florida, United States, North America",datavations.com,,"$6,900,000",Seed,2,"Nevcaut Ventures, Sage Venture Partners",2
Seed Round - Trident Digital,Seed,Seed,"$8,000,000","Sep 6, 2023",Trident Digital,Trident Digital is restoring market liquidity by providing the next-generation digital asset platform that addresses issues.,"Blockchain, Digital Marketing",—,"Stamford, Connecticut, United States, North America",www.tridig.io,,"$8,000,000",Seed,1,"New Form Capital, White Star Capital",5
Pre Seed Round - Cascade Biocatalysts,Pre-Seed,Seed,"$2,600,000","Aug 22, 2023",Cascade Biocatalysts,Cascade Biocatalysts creates productive enzymes for economical biomanufacturing of sustainable chemicals.,"Biotechnology, Chemical, Manufacturing",—,"Denver, Colorado, United States, North America",www.cascadebiocatalysts.com,,"$2,600,000",Seed,1,10vc,6
Seed Round - Raleon,Seed,Seed,"$3,800,000","Aug 24, 2023",Raleon,"Raleon gives web3 growth and product teams the toolkit to understand, target, and engage their users.","Software, Web Development",—,"Wilmington, North Carolina, United States, North America",www.raleon.io,,"$3,800,000",Seed,1,Blockchange Ventures,4
Seed Round - P6 Technologies,Seed,Seed,"$3,250,000","Aug 16, 2023",P6 Technologies,P6 Technologies offers software that makes it simple and verifiable to perform product-level life cycle analyses.,"Analytics, Web Development",—,"Austin, Texas, United States, North America",p6technologies.com,,"$3,250,000",Seed,1,GOOSE Capital,4
Seed Round - Pirros,Seed,Seed,"$2,000,000","Aug 31, 2023",Pirros,Pirros is a detail management system for architects and engineers.,"Architecture, Civil Engineering, Construction, Real Estate",—,"Los Angeles, California, United States, North America",www.pirros.com/,,"$2,125,000",Seed,2,FundersClub,7
Seed Round - Jellatech,Seed,Seed,"$3,500,000","Aug 22, 2023",Jellatech,"Jellatech is a B2B biotech business that produces pure, animal-free collagen and gelatin.","Biotechnology, Food and Beverage, Life Science, Medical, Pharmaceutical","Women Founded, Women Led","Raleigh, North Carolina, United States, North America",www.jellatech.com,,"$9,000,000",Seed,4,byFounders,5
Seed Round - ExcepGen,Seed,Seed,"$4,000,000","Aug 24, 2023",ExcepGen,ExcepGen is solving fundamental underlying problems in drug discovery to create a new generation of therapeutics.,"Biopharma, Biotechnology, Health Care, Life Science",—,"San Francisco, California, United States, North America",www.excepgen.com/,,"$4,175,000",Seed,3,RA Capital Management,4
Seed Round - Agave,Seed,Seed,"$2,900,000","Aug 30, 2023",Agave,Agave provides a unified API for data access across various construction software platforms.,"B2B, Construction, Developer APIs, SaaS, Software","Middle Eastern / North African Founded, Women Founded","San Francisco, California, United States, North America",www.agaveapi.com,,"$3,400,000",Seed,2,Accel,2
Seed Round - Sizzle AI,Seed,Seed,"$7,500,000","Aug 22, 2023",Sizzle AI,Sizzle AI operates as a free app that helps you solve problems step-by-step.,"Artificial Intelligence, Education",—,"New York, New York, United States, North America",www.szl.ai/,,"$7,500,000",Seed,1,Owl Ventures,2
Seed Round - D'Amelio Brands,Seed,Seed,"$5,000,000","Aug 17, 2023",D'Amelio Brands,D'Amelio Brands operates in women’s footwear line and a skincare line.,"Fashion, Women's",—,"San Mateo, California, United States, North America",thedamelios.com/,,"$11,000,000",Seed,2,Fifth Growth Fund,2
Seed Round - Pumpspotting,Seed,Seed,"$2,200,000","Sep 6, 2023",Pumpspotting,Pumpspotting is a non-judgmental community and breastfeeding app helping parents feed both family and career.,"Child Care, Communities, Mobile Apps","Women Founded, Women Led","Kittery, Maine, United States, North America",www.pumpspotting.com/,,"$4,057,500",Seed,7,"Maine Venture Fund, Sincere Corporation",4
Seed Round - Streamforge,Seed,Seed,"$1,200,000","Sep 6, 2023",Streamforge,"Streamforge is the technology-first, turnkey solution for all of your influencer marketing needs.","Advertising, Marketing, Video Games",—,"Boston, Massachusetts, United States, North America",streamforge.com,,"$1,200,000",Seed,1,Triptyq Capital,3
Seed Round - Bandana,Seed,Seed,"$3,800,000","Sep 6, 2023",Bandana,Bandana operates as a people-first online job platform.,"Information Technology, Online Portals",—,"Brooklyn, New York, United States, North America",bandana.co/,,"$3,800,000",Seed,1,"Craft Ventures, General Catalyst",4
Seed Round - HypeLab,Seed,Seed,"$4,000,000","Aug 11, 2023",HypeLab,HypeLab is a crypto-focused ad network that helps web3 companies acquire new users at scale.,"Ad Network, Advertising, Digital Media, Information Technology",—,"San Francisco, California, United States, North America",www.hypelab.com,,"$4,000,000",Seed,1,"Makers Fund, Shima Capital",5
Seed Round - BlueWhale Bio,Seed,Seed,"$18,000,000","Sep 7, 2023",BlueWhale Bio,The BlueWhale Bio technology platform seeks to deliver cell and gene therapy benefits to patients more quickly and at a lower cost.,"Biopharma, Medical",—,"Pennsylvania Furnace, Pennsylvania, United States, North America",,,"$18,000,000",Seed,1,Danaher Ventures,3
Pre Seed Round - YouMakr,Pre-Seed,Seed,"$500,000","Aug 21, 2023",YouMakr,YouMakr is an artificial intelligence app that generates content to overcome writers' block.,"Artificial Intelligence, Software",—,"Sacramento, California, United States, North America",youmakr.com,,"$700,000",Seed,2,—,3
Seed Round - Kiki,Seed,Seed,"$6,000,000","Aug 24, 2023",Kiki,Kiki is a subletting startup that matches listers with people looking to rent for up to six months.,"Marketplace, Rental Property",—,"New City, New York, United States, North America",kiki.club,,"$6,000,000",Seed,1,Blackbird Ventures,7
Seed Round - Numeral,Seed,Seed,"$3,575,000","Sep 5, 2023",Numeral,Numeral provides fully automated revenue recognition and transaction-level cash reconciliation for high-volume businesses.,"Financial Services, FinTech, Information Technology",—,"San Francisco, California, United States, North America",gonumeral.com/,,"$4,575,000",Seed,2,Bienville Capital,2
Seed Round - FL Newsletter,Seed,Seed,"$2,000,000","Aug 17, 2023",FL Newsletter,FL Newsletter provides football information delivered directly to customers' inboxes every morning for free.,"American Football, Fantasy Sports, News",—,"New York, New York, United States, North America",www.fantasylife.com/,,"$2,000,000",Seed,1,—,14
Seed Round - Advantek Waste Management Services,Seed,Seed,"$8,000,000","Sep 8, 2023",Advantek Waste Management Services,Advantek Waste Management Services LLC is a full service waste management company providing recycling.,"Oil and Gas, Waste Management",—,"Texas, South Carolina, United States, North America",advantekwms.com/,,"$8,000,000",Seed,2,Lowercarbon Capital,1
Seed Round - Kindo,Seed,Seed,"$7,000,000","Sep 5, 2023",Kindo,Kindo elevates the workforce by providing the only truly open AI platform for all businesses.,"Artificial Intelligence, Enterprise Software, Software",—,"Los Angeles, California, United States, North America",kindo.ai/,,"$7,000,000",Seed,1,Riot Ventures,9
Pre Seed Round - Bonfire Analytics,Pre-Seed,Seed,"$1,000,000","Aug 24, 2023",Bonfire Analytics,Bonfire Analytics offers services to the customer in decision making using AI.,"Artificial Intelligence, Business Intelligence",—,"New York, New York, United States, North America",www.jagadirimu.com,,"$1,000,000",Seed,1,—,—
Seed Round - ScribeUp,Seed,Seed,"$3,000,000","Aug 22, 2023",ScribeUp,ScribeUp is a chrome plugin that allows you to sign up for free subscription trials without using credit card.,"Retail, Shopping, Software",—,"Cambridge, Massachusetts, United States, North America",www.scribeup.io/,,"$3,000,000",Seed,2,Mucker Capital,1
Seed Round - BrainLogic AI,Seed,Seed,"$5,000,000","Aug 21, 2023",BrainLogic AI,BrainLogic AI is a cutting-edge startup developing AI products that foster positive change across Latin America. Creators of Zapia.com,Artificial Intelligence,—,"Menlo Park, California, United States, North America",brainlogic.ai,,"$5,000,000",Seed,1,Factory,6
Pre Seed Round - In-Seam,Pre-Seed,Seed,"$2,000,000","Aug 14, 2023",In-Seam,In-Seam is a platform that helps connectors whose personal relationships account for the majority of luxury fashion sales.,"Internet, Leisure",—,"New York, New York, United States, North America",www.in-seam.com,,"$2,120,000",Seed,2,Far Out Ventures,4
Seed Round - Parallax,Seed,Seed,"$4,500,000","Sep 12, 2023",Parallax,Parallax offers a crypto platform where users can seamlessly pay and get paid in crypto and cash.,"Cryptocurrency, Finance, FinTech, Payments",—,"New York, New York, United States, North America",www.parallax.to,,"$4,500,000",Seed,1,Dragonfly Capital Management,5
Seed Round - DRiP,Seed,Seed,"$3,000,000","Aug 28, 2023",DRiP,DRiP creates creator-centric Web3 content distribution network and offers free digital gifts from well-known producers.,"Blockchain, Service Industry",—,"Chicago, Illinois, United States, North America",drip.haus,,"$3,000,000",Seed,1,"6th Man Ventures, Collab+Currency, Placeholder",11
Seed Round - Rent Butter,Seed,Seed,"$3,000,000","Aug 31, 2023",Rent Butter,Rent Butter provides a solution that combines bank transaction history and credit behavior analytics into a tenant performance report.,"Banking, Predictive Analytics, Software",—,"Chicago, Illinois, United States, North America",rentbutter.com/,,"$3,000,000",Seed,1,RET Ventures,1
Seed Round - Kinjo,Seed,Seed,"$6,500,000","Aug 21, 2023",Kinjo,Kinjo operates as an app that ranks the educational value of games.,"E-Learning, Education",—,"Austin, Texas, United States, North America",kinjo.com/,,"$6,500,000",Seed,1,"Breyer Capital, LiveOak Venture Partners, Roble Ventures, Silverton Partners",4
Seed Round - Alix,Seed,Seed,"$5,500,000","Sep 7, 2023",Alix,Powering wealth across generations,"FinTech, Legal Tech",—,"San Francisco, California, United States, North America",www.meetalix.com,,"$5,500,000",Seed,1,Initialized Capital,5
Pre Seed Round - Rengage,Pre-Seed,Seed,"$3,200,000","Sep 12, 2023",Rengage,"Rengage makes it easy to create a unified journey, bringing all your customer touch points together in one place.",—,—,"Redmond, Washington, United States, North America",www.rengage.ai,,"$3,200,000",Seed,1,—,4
Seed Round - Robomart,Seed,Seed,"$2,000,000","Aug 14, 2023",Robomart,"Robomart is building patented self-driving stores for retailers, helping them expand their footprint.","Mobile Apps, Retail Technology, Software",—,"Los Angeles, California, United States, North America",robomart.ai,,"$3,435,000",Seed,3,W Ventures,20
Seed Round - Ellipsis Labs,Seed,Seed,"$3,300,000","Aug 18, 2023",Ellipsis Labs,"Ellipsis Labs is building Phoenix, a decentralized limit order book on Solana that is fully on-chain, non-custodial, and crankless.",Financial Services,—,"New York, New York, United States, North America",ellipsislabs.xyz/,,"$3,300,000",Seed,1,Electric Capital,5
Pre Seed Round - Group1,Pre-Seed,Seed,"$250,000","Aug 29, 2023",Group1,Group1 is an engineered materials firm focused on the commercialization of Potassium-ion batteries.,"Electronics, Manufacturing",—,"Austin, Texas, United States, North America",group1.ai/,,"$250,000",Seed,1,Discovery to Impact,1
Pre Seed Round - Takes,Pre-Seed,Seed,"$1,600,000","Sep 7, 2023",Takes,Takes is a mobile application for iOS and Android platforms that enables its users to create and share videos with others.,"Apps, Hardware, iOS, Mobile, Photography, Software, Video",—,"San Francisco, California, United States, North America",www.takes.live,,"$1,600,000",Seed,1,—,4
Seed Round - jbrds,Seed,Seed,"$500,000","Aug 30, 2023",jbrds,Jbrds has created the kid's shoe with kids in mind to produce footwear for kids that is anatomically designed.,"Children, Shoes",—,"Baltimore, Maryland, United States, North America",jbrds.com,,"$500,000",Seed,1,—,—
Seed Round - IronMill,Seed,Seed,"$2,600,000","Aug 30, 2023",IronMill,IronMill is a Web3 infrastructure provider that focuses on offering customized integration solutions to program developers.,"Blockchain, Information Technology, Software",—,"Chicago, Illinois, United States, North America",www.ironmill.xyz,,"$2,600,000",Seed,1,gumi Cryptos Capital (gCC),6
Seed Round - Acoustic Wells,Seed,Seed,"$10,000,000","Aug 29, 2023",Acoustic Wells,Acoustic Wells offers industrial IoT solutions to maximize oil field efficiency and reduce environmental impact.,"Internet, Internet of Things, Oil and Gas",—,"Boston, Massachusetts, United States, North America",www.acoustic-wells.com,,"$12,000,000",Seed,6,—,—
Seed Round - Juphy,Seed,Seed,"$900,000","Sep 5, 2023",Juphy,Juphy is a B2B SaaS solution that improves businesses sales and support performance on social media.,"Collaboration, Communications Infrastructure, Meeting Software, SaaS, Social Media, Software",—,"Wilmington, Delaware, United States, North America",www.juphy.com,,"$1,250,000",Seed,3,—,3
Seed Round - Frontier Risk,Seed,Seed,"$3,000,000","Aug 31, 2023",Frontier Risk,Frontier Risk is the first tech-enabled insurance solution and brokerage for the cannabis sector led by former cannabis executives.,"Cannabis, Insurance",—,"Westport, Connecticut, United States, North America",www.frontierrisk.com,,"$3,000,000",Seed,1,Casa Verde Capital,4
Seed Round - Irys Insurtech,Seed,Seed,"$3,500,000","Aug 24, 2023",Irys Insurtech,"Irys is customizable management tool that has fundamentally transformed how agents, brokers, and MGAs see their clients and company.","Artificial Intelligence, Information Services, Insurance, Service Industry",—,"Tampa, Florida, United States, North America",www.iryscloud.com,,"$3,500,000",Seed,2,Markd,5
Seed Round - iVerify,Seed,Seed,"$4,000,000","Aug 23, 2023",iVerify,IVerify is a mobile threat hunting company that provides mobile security solutions.,"Information Technology, Mobile, Network Security",—,"Long Island City, New York, United States, North America",www.iverify.io/,,"$4,000,000",Seed,1,Mischief,5
Pre Seed Round - Niftmint,Pre-Seed,Seed,"$100,000","Sep 6, 2023",Niftmint,NFT Commerce Infrastructure for Brands on their existing platforms,"Blockchain, Cryptocurrency, E-Commerce, Retail","Hispanic / Latine Founded, Hispanic / Latine Led","Seattle, Washington, United States, North America",niftmint.com,,"$200,000",Seed,2,Andreessen Horowitz,1
Seed Round - Vaulted Deep,Seed,Seed,"$8,000,000","Sep 7, 2023",Vaulted Deep,Vaulted Deep provides proven technology solutions for permanent carbon removal to promote local environmental and community health.,"Environmental Engineering, Waste Management",—,"Houston, Texas, United States, North America",vaulteddeep.com,,"$8,000,000",Seed,1,Lowercarbon Capital,1
Seed Round - Beloit Kombucha Company,Seed,Seed,"$800,000","Aug 12, 2023",Beloit Kombucha Company,Beloit Kombucha Company provides the fermented vegetables that you're used to finding in a typical kombucha container.,"Food and Beverage, Food Processing, Manufacturing",—,"Beloit, Wisconsin, United States, North America",beloitkombucha.com,,"$800,000",Seed,1,Grey Collar Ventures,3
Seed Round - Writerly,Seed,Seed,"$2,000,000","Aug 21, 2023",Writerly,"Writerly helps the most innovative businesses, teams, and creators produce hyper-relevant generative AI content in seconds.","Artificial Intelligence, Information Technology, Marketing, Publishing, Software",—,"Nashville, Tennessee, United States, North America",writerly.ai,,"$2,000,000",Seed,1,—,—
Pre Seed Round - Maqui,Pre-Seed,Seed,"$1,500,000","Aug 21, 2023",Maqui,Maqui is a business-to-business platform helps garment brands in improving supply chain management by reducing manufacturing waste.,"B2B, Software",—,"Mexico, Maine, United States, North America",www.maqui.la,,"$1,500,000",Seed,1,Marathon Ventures,5
Pre Seed Round - Base,Pre-Seed,Seed,"$500,000","Aug 25, 2023",Base,Base is a membership club that brings together brilliant minds for customized social activities.,Service Industry,—,"Miami, Florida, United States, North America",www.base.club,,"$500,000",Seed,1,"Dhuna Ventures, Treble, Vast Ventures",3
Seed Round - Infinimos,Seed,Seed,"$3,000,000","Sep 5, 2023",Infinimos,Infinimos is a Cosmos eco-friendly liquid derivatives staking platform.,"Blockchain, Cryptocurrency, FinTech, Information Technology",—,"Chicago, Illinois, United States, North America",,,"$3,000,000",Seed,1,IDG Capital,1
Seed Round - New Pieces Quilt Shop,Seed,Seed,"$20,000","Sep 8, 2023",New Pieces Quilt Shop,New Pieces Quilt Shop is an online and offline store that offers fabrics and accessories.,"Home and Garden, Home Decor, Lifestyle, Textiles",—,"Berkeley, California, United States, North America",www.newpieces.com/index.php,,"$20,000",Seed,1,—,—
Seed Round - Just Her Rideshare,Seed,Seed,"$75,000","Aug 16, 2023",Just Her Rideshare,Just Her Rideshare is a community of female drivers and riders who offer a stress-free alternative to ridesharing.,"Public Safety, Service Industry, Transportation",—,"Charlotte, North Carolina, United States, North America",www.justherrideshare.com,,"$85,000",Seed,2,Equilibrium Impact Ventures,1
Seed Round - EDAC Labs,Seed,Seed,"$3,000,000","Aug 14, 2023",EDAC Labs,EDAC Labs provides electrochemical production of acid and base to decarbonize the world.,Environmental Consulting,—,"Baltimore, Maryland, United States, North America",edaclabs.com/,,"$3,000,000",Seed,1,Grantham Foundation,1
Pre Seed Round - Tanbii,Pre-Seed,Seed,"$1,500,000","Sep 1, 2023",Tanbii,Gamified Web5 app that measures and rewards people’s carbon reduction via blockchain and AI,—,—,"Nashville, Tennessee, United States, North America",www.tanbii.com,,"$1,500,000",Seed,1,Robert Luo,1
Seed Round - Biocanic,Seed,Seed,"$600,000","Aug 14, 2023",Biocanic,Biocanic is the first of its kind health program intelligence system designed to streamline health programs for integrative practitioners.,"Health Care, Software, Wellness",—,"San Diego, California, United States, North America",www.biocanic.com,,"$940,000",Seed,5,"Potter Ventures,",1
Seed Round - Lore,Seed,Seed,"$2,300,000","Aug 16, 2023",Lore,Lore is developing the network and consumer tooling to onboard the next 1B users.,"Blockchain, Information Technology, Software",—,"New York, New York, United States, North America",lorescan.com,,"$2,300,000",Seed,2,—,4
Seed Round - Aircon,Seed,Seed,"$3,300,000","Aug 21, 2023",Aircon,AirCon is the first gateway-as-a-service in the air cargo industry.,"Air Transportation, Supply Chain Management",—,"Flower Mound, Texas, United States, North America",www.airconai.com/,,"$4,301,000",Seed,3,Underscore VC,2
Seed Round - Polyark,Seed,Seed,"$500,000","Sep 8, 2023",Polyark,Polyark is a system that combines artificial intelligence and digital twins.,"Artificial Intelligence, Construction",—,"New York, New York, United States, North America",www.poliark.com,,"$500,000",Seed,1,—,5
Seed Round - The 15 White Coats,Seed,Seed,"$500,000","Aug 25, 2023",The 15 White Coats,The 15 White Coats is a dynamic non-profit organization whose aim is to improve diversity in the medical sector.,"EdTech, Education, Pharmaceutical",—,"Gretna, Louisiana, United States, North America",www.the15whitecoats.org,,"$500,000",Seed,1,Genentech,1
Pre Seed Round - Curio,Pre-Seed,Seed,"$100,000","Aug 25, 2023",Curio,Curio operates as an avant-garde deeptech startup.,"Energy, Nuclear",—,"Washington, District of Columbia, United States, North America",curio.energy/,,"$100,000",Seed,1,Erez Capital,1
Seed Round - Highlight,Seed,Seed,"$8,000,000","Aug 15, 2023",Highlight,Highlight is an open-source and full-stack monitoring platform.,"Developer Tools, Open Source, Software",—,"San Francisco, California, United States, North America",www.highlight.io/,,"$8,500,000",Seed,2,"Afore Capital, Craft Ventures",12
Seed Round - BosonQ Psi,Seed,Seed,"$100,000","Aug 17, 2023",BosonQ Psi,Simulation software startup ​leveraging Quantum computing to accelerate advanced simulations for highly-engineered products.,"Aerospace, Automotive, Quantum Computing, Software",—,"New York, New York, United States, North America",www.bosonqpsi.com/,,"$1,707,000",Seed,5,—,1
Pre Seed Round - Bleach Cyber,Pre-Seed,Seed,"$20,000","Aug 24, 2023",Bleach Cyber,Bleach is a cybersecurity platform helps small and medium businesses get secure by leveraging the security in their existing investments.,"Cyber Security, Information Technology, Software",—,"Austin, Texas, United States, North America",www.bleachcyber.com,,"$20,000",Seed,1,Techstars,1
Pre Seed Round - GroceryList,Pre-Seed,Seed,"$120,000","Aug 14, 2023",GroceryList,GroceryList is an online grocery platform that offers same-day delivery and pickup services in Latin America and the Caribbean,"Delivery, E-Commerce, Grocery, Marketplace, Shopping",—,"Longwood, Florida, United States, North America",grocerylistgroup.com/,,"$120,000",Seed,1,Techstars New Orleans,1
Seed Round - Xscape Photonics,Seed,Seed,"$3,000,000","Aug 21, 2023",Xscape Photonics,Xscape Photonics provides photonic chips for high-speed connections in high-performance computing systems and data centers.,"Artificial Intelligence, Data Center, Information Technology, Semiconductor, Simulation",—,"New York, New York, United States, North America",www.xscapephotonics.com/,,"$13,000,000",Seed,2,—,—
Seed Round - BoldVoice,Seed,Seed,"$2,500,000","Aug 18, 2023",BoldVoice,BoldVoice is a communication coaching app that helps non-native speakers improve their communication and confidence.,"Apps, E-Learning, EdTech, Language Learning, Mobile Apps","Women Founded, Women Led","New York, New York, United States, North America",boldvoice.com,,"$5,625,000",Seed,3,—,—
Seed Round - Tailbox,Seed,Seed,"$1,500,000","Sep 12, 2023",Tailbox,Tailbox is an MIT-baked startup bringing locations to life through generative AI powered stories,"Artificial Intelligence, Digital Media, Leisure, Mobile Apps, Tourism, Travel",—,"Cambridge, Massachusetts, United States, North America",tailbox.com,,"$1,500,000",Seed,4,—,1
Seed Round - Coram AI,Seed,Seed,"$15,500,000","Aug 28, 2023",Coram AI,Coram AI creates video intelligence systems for businesses.,"Artificial Intelligence, Computer Vision, Intelligent Systems, Security, Software, Video, Video Streaming",—,"Sunnyvale, California, United States, North America",www.coram.ai,,"$15,500,000",Seed,1,—,2
Pre Seed Round - Greenlite,Pre-Seed,Seed,"$500,000","Sep 6, 2023",Greenlite,Greenlite aspires to replace outsourced anti-money laundering (AML) and know-your-client (KYC) analysts with its AI bots.,—,—,"San Francisco, California, United States, North America",www.greenlite.ai,,"$500,000",Seed,1,Y Combinator,1
Pre Seed Round - Spine AI,Pre-Seed,Seed,"$500,000","Sep 6, 2023",Spine AI,"Spine AI helps companies build and maintain, reliable and effective AI copilots for their products.","Artificial Intelligence, SaaS, Web Development",—,"San Francisco, California, United States, North America",www.getspine.ai,,"$500,000",Seed,1,Y Combinator,1
Seed Round - Zivian Health,Seed,Seed,"$3,000,000","Aug 22, 2023",Zivian Health,Zivian Health is an administrative platform helping healthcare organizations find great collaborating physicians.,—,—,"Cleveland, Ohio, United States, North America",www.zivianhealth.com/,,"$3,000,000",Seed,1,Wireframe Ventures,3
Seed Round - re:Charge-e,Seed,Seed,"$350,000","Sep 12, 2023",re:Charge-e,"re:Charge-e is a green tech company that develops and manufactures charging stations for electric bikes, scooters, and other devices.","Consumer Electronics, GreenTech, Mobile Devices, Public Transportation, Renewable Energy",—,"Albany, New York, United States, North America",www.recharge-e.com/,,"$350,000",Seed,1,—,—
Pre Seed Round - nuTRAD.IO,Pre-Seed,Seed,"$250,000","Sep 6, 2023",nuTRAD.IO,"The company builds self-correcting AI connections between brands, distributors, and retailers.","Industrial Automation, Retail Technology, Software",—,"Chicago, Illinois, United States, North America",www.nutrad.io/,,"$750,000",Seed,3,—,—
Seed Round - Pixeland Technologies,Seed,Seed,"$3,600,000","Sep 11, 2023",Pixeland Technologies,Pixeland Technologies is a software and IT company that develops immersive virtual office for remote teams and workplaces.,"Artificial Intelligence, IT Infrastructure, SaaS, Virtual Assistant, Virtual Reality",—,"Sunnyvale, California, United States, North America",www.devpxl.com/,,"$3,600,000",Seed,1,—,—
Seed Round - Pantomath,Seed,Seed,"$7,250,000","Sep 12, 2023",Pantomath,Pantomath is a data pipeline observability and traceability platform for automating data operations and improving data reliability.,"Analytics, Big Data, Information Technology, Productivity Tools, Software",South Asian Founded,"Cincinnati, Ohio, United States, North America",getpantomath.com/,,"$11,250,000",Seed,2,—,—
Seed Round - L'AVANT Collective,Seed,Seed,"$400,000","Sep 11, 2023",L'AVANT Collective,L'AVANT Collective is a consumer goods company that offers organic and plant based cleaning products.,"Consumer Goods, Home and Garden, Home Improvement, Organic",—,"Seattle, Washington, United States, North America",lavantcollective.com/,,"$400,000",Seed,1,—,—
Seed Round - Prelude,Seed,Seed,"$2,599,996","Sep 12, 2023",Prelude,Helping cannabis dispensaries manage purchasing and inventory efficiently.,"Cannabis, SaaS",—,"New York, New York, United States, North America",www.prelude.pro,,"$5,209,996",Seed,2,—,—
Seed Round - Port,Seed,Seed,"$399,999","Sep 11, 2023",Port,Port is a messaging app that connects users by using port numbers rather than phone numbers.,"Apps, Information Technology, Internet, Messaging",—,"Bangalore, Karnataka, India, Asia",port.numberless.tech/,,"$399,999",Seed,1,—,—
Seed Round - EFAS Technologies,Seed,Seed,"$275,000","Sep 8, 2023",EFAS Technologies,EFAS Technologies is SAAS compnay that develops and offers generator-based artificial intelligence leak locator.,"Artificial Intelligence, SaaS, Software, Water",—,"Newport Beach, California, United States, North America",efastec.com/demo/,,"$275,000",Seed,1,—,—
Seed Round - Nomax Therapeutics,Seed,Seed,"$534,200","Sep 11, 2023",Nomax Therapeutics,Nomax Therapeutics develops a healthcare technology platform to provide therapies for neurodegenerative diseases.,"Biotechnology, Health Care, Information Technology, Life Science",—,"North Miami Beach, Florida, United States, North America",nomaxtherapeutics.com/,,"$934,200",Seed,3,—,—
Seed Round - Haled Care,Seed,Seed,"$1,325,000","Sep 11, 2023",Haled Care,Haled Care is a mobile health technology company that offers a health services platform connecting healthcare providers to patients.,"Electronic Health Record (EHR), Health Care, Medical, Wellness",—,"Overland Park, Kansas, United States, North America",www.haledcare.com/,,"$1,325,000",Seed,1,—,—
Seed Round - Verisoul,Seed,Seed,"$3,797,998","Sep 12, 2023",Verisoul,We use AI to help businesses stop fake users.,"Artificial Intelligence, B2B, Cyber Security, Identity Management, Software",—,"Austin, Texas, United States, North America",www.verisoul.xyz,,"$3,797,998",Seed,2,—,—
Seed Round - Smarter Remodeling,Seed,Seed,"$100,000","Sep 11, 2023",Smarter Remodeling,"Smarter Remodeling is a construction company that offers residential, commercial, and new construction general contracting services.","Architecture, Building Material, Construction",—,"Jacksonville, Florida, United States, North America",generalcontractorjax.com/,,"$100,000",Seed,1,—,—
Seed Round - Foodnerd,Seed,Seed,"$1,000,000","Aug 31, 2023",Foodnerd,Vegan specialty food manufacturer,—,—,"Buffalo, New York, United States, North America",www.foodnerdinc.com/,,"$1,950,000",Seed,2,—,1
Seed Round - Pattern Zones,Seed,Seed,"$75,000","Sep 11, 2023",Pattern Zones,Pattern Zones is a digital platform that offers architects and urban designers pre-approved building programs.,"Architecture, Construction, SaaS",—,"Fayetteville, Arkansas, United States, North America",patternzones.com/,,"$75,000",Seed,1,—,—
Seed Round - Halo Health Clinic,Seed,Seed,"$1,875,000","Sep 6, 2023",Halo Health Clinic,Halo Health Clinic is a healthcare center that offers diagnosis and treatment services for psychiatric and mental health wellness.,"Health Care, Psychology, Wellness",—,"Las Vegas, Nevada, United States, North America",,,"$1,875,000",Seed,1,—,—
Seed Round - The Redding Country Club,Seed,Seed,"$1,985,000","Sep 7, 2023",The Redding Country Club,"The Redding Country Club is a golf course that offers golf, tennis, events, and dining services.","Events, Golf, Sports",—,"Redding, Connecticut, United States, North America",reddingcc.com,,"$1,985,000",Seed,1,—,—
Seed Round - Givzey,Seed,Seed,"$2,100,000","Sep 6, 2023",Givzey,Givzey is a SaaS solution for nonprofit fundraising. Its Gift Agreement Platform empowers orgs to solicit multi-year gifts at scale.,"Funding Platform, Health Care, Higher Education, Non Profit, SaaS, Secondary Education",—,"Boston, Massachusetts, United States, North America",www.givzey.com,,"$2,639,993",Seed,2,—,—
Seed Round - Harris Technology Services,Seed,Seed,"$749,999","Sep 11, 2023",Harris Technology Services,"Harris Technology Services is an IT company that offers cyber security, cloud infrastructure, event management, and network services.","Cloud Infrastructure, Cloud Security, Cyber Security, IT Management",—,"West Chester, Pennsylvania, United States, North America",www.harristechnologyservices.com/,,"$749,999",Seed,1,—,—
Seed Round - INIT,Seed,Seed,"$400,000","Aug 30, 2023",INIT,INIT is a non-profit organization empowering underserved communities to launch careers in technology.,"Career Planning, Information Technology, Non Profit",—,"Miami, Florida, United States, North America",weareinit.webflow.io/,,"$400,000",Seed,1,—,1
"Seed Round - dipp, inc.",Seed,Seed,"$1,500,000","Aug 15, 2023","dipp, inc.","dipp, brand management and agile e-commerce","Advertising, Digital Marketing, E-Commerce, SaaS","Women Founded, Women Led","New York, New York, United States, North America",withdipp.com/,,"$1,900,000",Seed,3,—,3
Seed Round - FoodReady,Seed,Seed,"$3,912,987","Sep 8, 2023",FoodReady,FoodReady assists food companies to generate compliance documentation and maintain compliance with daily monitoring.,"Food and Beverage, Information Technology, Software",—,"Chicago, Illinois, United States, North America",foodready.ai/,,"$5,455,526",Seed,4,—,—
Seed Round - SAFR Sports,Seed,Seed,"$2,800,000","Aug 28, 2023",SAFR Sports,SAFR Sports is a safety technology company offering concussion protection products.,"Security, Sporting Goods, Sports",—,"Chester Springs, Pennsylvania, United States, North America",safrsports.com,,"$2,800,000",Seed,1,—,—
Seed Round - Emtherapro,Seed,Seed,"$3,000,000","Sep 7, 2023",Emtherapro,Emtherapro is a biotech company that offers precision medicine enablement solutions for neurogenetic disorders.,"Alternative Medicine, Biopharma, Biotechnology, Health Care",—,"Decatur, Georgia, United States, North America",emtherapro.com/,,"$3,000,000",Seed,1,—,—
Seed Round - United Western Group,Seed,Seed,"$310,200","Sep 7, 2023",United Western Group,United Western Group is a private equity firm that invests in strategically viable companies across a wide range of industries.,"Aerospace, Commercial Real Estate, Military, National Security, Satellite Communication",—,"Washington, District of Columbia, United States, North America",www.unitedwestern.com,,"$310,200",Seed,1,—,—
Seed Round - Fireroad,Seed,Seed,"$800,000","Sep 7, 2023",Fireroad,Fireroad is a full-stack investment firm that offers venture capital and growth investments to startups.,"Finance, Financial Services, Venture Capital",—,"Cincinnati, Ohio, United States, North America",www.fireroad.io/,,"$800,000",Seed,1,—,—
Seed Round - Pershing Ventures,Seed,Seed,"$600,006","Sep 7, 2023",Pershing Ventures,Pershing Ventures is a venture capital firm that prefers to invest in early-stage ventures and small and medium-sized enterprises.,"Business Development, Finance, Financial Services, Venture Capital",—,"Cheyenne, Wyoming, United States, North America",www.pershingventures.com/,,"$1,600,006",Seed,3,—,—
Seed Round - Jellatech,Seed,Seed,"$3,500,000","Sep 6, 2023",Jellatech,"Jellatech is a B2B biotech business that produces pure, animal-free collagen and gelatin.","Biotechnology, Food and Beverage, Life Science, Medical, Pharmaceutical","Women Founded, Women Led","Raleigh, North Carolina, United States, North America",www.jellatech.com,,"$9,000,000",Seed,4,—,—
Seed Round - Zena Therapeutics,Seed,Seed,"$500,000","Sep 7, 2023",Zena Therapeutics,Zena Therapeutics is a pharmaceutical company that develops new drugs to treat alcohol and substance use.,"Personal Health, Pharmaceutical, Wellness",—,"Princeton, New Jersey, United States, North America",www.zenatherapeutics.com/,,"$500,000",Seed,1,—,—
Seed Round - O/D Vision,Seed,Seed,"$301,550","Sep 6, 2023",O/D Vision,O/D Vision is a health tech company that offers a fitness seven sensor fitness tracking device for telefitness and telehealth services.,"Electronic Health Record (EHR), Fitness, Health Insurance, Wearables, Wellness",—,"Sanibel, Florida, United States, North America",,,"$301,550",Seed,1,—,—
Seed Round - InstaCash,Seed,Seed,"$264,415","Sep 7, 2023",InstaCash,InstaCash is a FinTech company that offers mobile payment services.,"Financial Services, FinTech, Mobile Payments",—,"Charlotte, North Carolina, United States, North America",instacash.cash/,,"$264,415",Seed,1,—,—
Seed Round - Appion Solutions,Seed,Seed,"$745,050","Sep 7, 2023",Appion Solutions,Appion Solutions is a SaaS company that offers a cloud-based apprenticeship program management platform for unions to boost recruitment.,"Employee Benefits, Employment, Management Information Systems, Recruiting, SaaS, Task Management",—,"Racine, Wisconsin, United States, North America",appionsolutions.com/,,"$745,050",Seed,1,—,—
Seed Round - Core Ally,Seed,Seed,"$300,000","Sep 6, 2023",Core Ally,Core Ally is a provider of human resources and staffing services.,"Artificial Intelligence, Human Resources, Project Management, Staffing Agency",—,"Arvada, Colorado, United States, North America",core-ally.com/,,"$300,000",Seed,1,—,—
Seed Round - Radicai,Seed,Seed,"$338,400","Sep 6, 2023",Radicai,Radicai is a developer of AI-based software for technical animation and business development.,"Artificial Intelligence, Business Development, Information Technology, Software",—,"Denver, Colorado, United States, North America",radicai.com/,,"$338,400",Seed,2,—,—
Seed Round - Regenerative Medicine Orthopaedic Society,Seed,Seed,"$80,000","Sep 6, 2023",Regenerative Medicine Orthopaedic Society,Regenerative Medicine Orthopaedic Society is a healthcare company that offers orthopaedic care through regenerative medicine.,"Health Care, Medical, Wellness",—,"Miami, Florida, United States, North America",rmosociety.com/,,"$80,000",Seed,1,—,—
Seed Round - Calm Waters AI,Seed,Seed,"$1,500,000","Sep 6, 2023",Calm Waters AI,Calm waters AI is an artificial intelligence company that provides coding solutions for clinicians and financial professionals.,"Artificial Intelligence, Health Care, Information Technology, Natural Language Processing",—,"Nashville, Tennessee, United States, North America",calmwatersai.com/,,"$1,500,000",Seed,1,—,—
Seed Round - Fireside Strategic,Seed,Seed,"$204,550","Sep 6, 2023",Fireside Strategic,Fireside Strategic is an investment company that offers growth capital and acquires companies specializing in mental health practices.,"Credit, Financial Services, Health Care, Psychology, Wellness",—,"New York, New York, United States, North America",www.firesidestrategic.com/,,"$204,550",Seed,2,—,—
Seed Round - Imagen Dental Partners,Seed,Seed,"$886,000","Sep 6, 2023",Imagen Dental Partners,Imagen Dental Partners is a collaborative community that partners with dental practices and supports their growth.,"Communities, Dental, Health Care, Medical",—,"Scottsdale, Arizona, United States, North America",www.imagendentalpartners.com,,"$30,839,629",Seed,15,—,—
Seed Round - DataForge,Seed,Seed,"$4,009,898","Sep 12, 2023",DataForge,"DataForge is a tech company that offers a software platform for faster and accurate data management, integration, and analysis.","Analytics, Data Integration, SaaS",—,"Chicago, Illinois, United States, North America",www.dataforgelabs.com/,,"$4,009,898",Seed,1,—,—
Seed Round - Quasar Markets,Seed,Seed,"$385,000","Sep 5, 2023",Quasar Markets,Quasar Markets is a developer of a financial platform.,"Finance, Financial Services, FinTech, Information Technology",—,"Wesley Chapel, Florida, United States, North America",quasarmarkets.com/,,"$385,000",Seed,1,—,—
Seed Round - Top Nutrition Coaching,Seed,Seed,"$500,000","Sep 5, 2023",Top Nutrition Coaching,Top Nutrition Coaching is a provider of a personalized nutrition counseling platform.,"Fitness, Health Care, Nutrition, Wellness",—,"Wilmington, Delaware, United States, North America",www.topnutritioncoaching.com/about,,"$500,000",Seed,1,—,—
Seed Round - Thrive Health Holdings,Seed,Seed,"$500,000","Sep 5, 2023",Thrive Health Holdings,Thrive Health Holdings is a healthcare company that offers a platform for personalised nutrition counseling.,"Advice, Consulting, Health Care, Nutrition, Wellness",—,"Wilmington, Delaware, United States, North America",www.topnutritioncoaching.com/,,"$500,000",Seed,1,—,—
Seed Round - Seven Seas Capital,Seed,Seed,"$600,000","Sep 1, 2023",Seven Seas Capital,"Seven Seas Capital finds, acquires, and operates one business for the long term.","Business Development, Finance, Financial Services",—,"Atlanta, Georgia, United States, North America",www.sevenseas-capital.com/,,"$600,000",Seed,1,—,—
Seed Round - College Contact,Seed,Seed,"$1,025,000","Sep 1, 2023",College Contact,College Contact is a SaaS platform that connects college applicants to college undergraduates for admissions advising.,"College Recruiting, EdTech, SaaS",—,"Austin, Texas, United States, North America",www.yourcollegecontact.com/,,"$1,025,000",Seed,1,—,—
Seed Round - Salvation Nutraceuticals,Seed,Seed,"$1,551,532","Sep 1, 2023",Salvation Nutraceuticals,Salvation Nutraceuticals is a healthcare company that develops health products.,"Health Care, Medical, Wellness",—,"Provo, Utah, United States, North America",trygshplus.com/,,"$1,551,532",Seed,1,—,—
Seed Round - Medallion,Seed,Seed,"$21,464,892","Sep 1, 2023",Medallion,Medallion develops a blockchain-based platform to connect artists and their fans.,"Blockchain, Media and Entertainment, Music",—,"New City, New York, United States, North America",www.medallion.fm/,,"$30,464,892",Seed,2,—,—
Seed Round - Jam & Tea Studios,Seed,Seed,"$2,654,995","Aug 31, 2023",Jam & Tea Studios,Jam & Tea Studios is a remote game studio that develops and offers multiplayer games.,"Digital Entertainment, Gaming, Video Games",—,"Los Angeles, California, United States, North America",www.jamandtea.studio/,,"$2,654,995",Seed,1,—,—
Seed Round - Visily,Seed,Seed,"$2,499,999","Aug 16, 2023",Visily,"A wireframe tool that swiftly transforms screenshots, templates, or text prompts into editable wireframes and prototypes, powered by AI.","Collaboration, Product Design, Software, UX Design, Web Design",—,"Atlanta, Georgia, United States, North America",www.visily.ai/,,"$2,499,999",Seed,1,—,—
Seed Round - VVF AgTech,Seed,Seed,"$422,500","Aug 29, 2023",VVF AgTech,VVF AgTech is an agricultural organization that specializes in the development of AgTech companies.,"Agriculture, AgTech, Farming",—,"Okeechobee, Florida, United States, North America",www.vvfagtech.com,,"$1,747,500",Seed,2,—,—
Seed Round - Bzaar,Seed,Seed,"$2,700,000","Aug 30, 2023",Bzaar,"Bzaar is an online marketplace for products such as home improvements, fashion, cookware, and bakeware for small businesses.","B2B, Brand Marketing, E-Commerce, Marketplace, Wholesale",—,"San Francisco, California, United States, North America",www.bzaar.com,,"$6,700,000",Seed,2,—,—
Seed Round - Signing Day Sports,Seed,Seed,"$150,000","Aug 31, 2023",Signing Day Sports,Signing Day Sports develops a sports recruitment platform that revolutionizes the recruiting process for student-athletes and coaches.,"Recruiting, Sporting Goods, Sports",—,"Scottsdale, Arizona, United States, North America",www.signingdaysports.com,,"$150,000",Seed,1,—,—
Seed Round - Teambuilder,Seed,Seed,"$895,000","Aug 30, 2023",Teambuilder,"Empowering healthcare to build the right team for tomorrow, today.","Health Care, Human Resources, SaaS, Scheduling, Software",—,"Newtown, Connecticut, United States, North America",www.teambuilder.io,,"$3,995,000",Seed,3,—,—
Seed Round - Rad Intelligence,Seed,Seed,"$203,023","Aug 30, 2023",Rad Intelligence,Rad Intelligence helps enterprise companies engage diverse and global audiences with authenticity at scale.,"Digital Media, Marketing, Marketing Automation",—,"Santa Monica, California, United States, North America",www.radintelligence.com,,"$3,433,773",Seed,11,—,—
Seed Round - NOMAD Transportable Power Systems,Seed,Seed,"$943,131","Aug 28, 2023",NOMAD Transportable Power Systems,NOMAD Transportable Power Systems offers patent-pending technologies to fit any project or application need.,"CleanTech, Energy, Renewable Energy",—,"Waterbury, Vermont, United States, North America",www.nomadpower.com/,,"$10,443,131",Seed,2,—,—
Seed Round - Therify,Seed,Seed,"$2,010,000","Aug 30, 2023",Therify,Therify provides an inclusive mental healthcare service for companies.,"Employee Benefits, Health Care, Wellness",Black / African American Founded,"Brooklyn, New York, United States, North America",therify.co,,"$3,435,000",Seed,4,—,—
Seed Round - Dr.Tail,Seed,Seed,"₩3,000,000,000","Aug 21, 2023",Dr.Tail,Veterinary consultation platform based on medical records,"Health Care, Veterinary",—,"Seattle, Washington, United States, North America",www.drtail.us,,"₩3,000,000,000",Seed,4,Stassets Investment,1
Seed Round - NovaDerm Aid,Seed,Seed,"$675,000","Aug 29, 2023",NovaDerm Aid,NovaDerm Aid is a biotechnology company that operates in stealth mode.,"Biotechnology, Life Science, Medical",—,"Dallas, Texas, United States, North America",,,"$675,000",Seed,1,—,—
Seed Round - HoneyGrid,Seed,Seed,"$604,757","Aug 29, 2023",HoneyGrid,HoneyGrid is an artificial intelligence company that uses lookalike geotargeting technology to boost marketing.,"Artificial Intelligence, Geospatial, SaaS",—,"Heber City, Utah, United States, North America",honeygrid.ai/,,"$604,757",Seed,1,—,—
Seed Round - Treads,Seed,Seed,"$4,514,998","Aug 28, 2023",Treads,Treads is a developer of a mobile application that provides smart car management.,"Automotive, B2C, Mobile Apps",—,"Park City, Utah, United States, North America",www.treads.app/,,"$4,514,998",Seed,1,—,—
Seed Round - JBP,Seed,Seed,"$55,980","Aug 28, 2023",JBP,JBP is a management consultancy company that offers business acquisition services.,"Business Development, Financial Services, Management Consulting",—,"Sheridan, Wyoming, United States, North America",jbpllc.com/,,"$55,980",Seed,1,—,—
Seed Round - Storybridge Partners,Seed,Seed,"$530,000","Aug 28, 2023",Storybridge Partners,"Storybridge Partners is private investment firm that identifies, acquires, and operates small-to-medium size business.","Credit, Finance, Financial Services, Venture Capital",—,"Miami, Florida, United States, North America",www.storybridgepartners.com/,,"$530,000",Seed,1,—,—
Seed Round - NED Medical,Seed,Seed,"$500,000","Aug 28, 2023",NED Medical,NED Medical is a medical company that manufactures oncology embolization equipment.,"Health Care, Medical, Medical Device",—,"Norwell, Massachusetts, United States, North America",nedmedical.com/,,"$500,000",Seed,1,—,—
Pre Seed Round - Elixir Social,Pre-Seed,Seed,"$200,000","Aug 28, 2023",Elixir Social,Elixir Social is a social network startup and stealth dating platform.,"Dating, Information Technology, Social Network",—,"New York, New York, United States, North America",,,"$200,000",Seed,1,—,—
Seed Round - SnapAds,Seed,Seed,"$800,000","Aug 16, 2023",SnapAds,SnapAds is a local community marketing platform that connects local businesses with customers.,"Advertising Platforms, Affiliate Marketing, Marketing, Small and Medium Businesses, Social Media Marketing",—,"Austin, Texas, United States, North America",snapads.io/,,"$800,000",Seed,1,—,1
Seed Round - ElastiFlow,Seed,Seed,"$2,999,996","Aug 16, 2023",ElastiFlow,"ElastiFlow provides deep visibility into network traffic, resulting in improved performance and security.","Analytics, Network Security, Software",—,"Oakland, California, United States, North America",www.elastiflow.com/,,"$2,999,996",Seed,1,Venture Guides,1
Seed Round - Override,Seed,Seed,"$1,000,000","Aug 16, 2023",Override,Override provides virtual care team for all of your requirements related to chronic pain.,"Customer Service, Health Care",—,"Washington, District of Columbia, United States, North America",www.override.health,,"$4,500,000",Seed,2,Esplanade Ventures,1
Seed Round - Ospitek,Seed,Seed,"$5,416,294","Aug 24, 2023",Ospitek,Proprietary IoT and AI enhanced surgical coordination and communication platform.,"Artificial Intelligence, Enterprise Software, Health Care, Information and Communications Technology (ICT), Information Technology, Internet of Things, Machine Learning, Predictive Analytics, SaaS",—,"San Diego, California, United States, North America",www.ospitek.com,,"$5,416,294",Seed,1,—,—
Seed Round - My Home Park,Seed,Seed,"$250,000","Aug 25, 2023",My Home Park,My Home Park delivers a curated native plant gardens.,"E-Commerce, Home and Garden, Landscaping",—,"Chagrin Falls, Ohio, United States, North America",www.myhomepark.com/,,"$775,000",Seed,2,—,—
Seed Round - JOGO Health,Seed,Seed,"$3,297,299","Aug 25, 2023",JOGO Health,JOGO Health develops digital therapeutics products to treat pain and neuromuscular conditions.,"Biotechnology, Health Care, Medical Device, Pharmaceutical, Therapeutics",—,"Bridgewater, New Jersey, United States, North America",www.jogohealth.com,,"$10,427,299",Seed,3,—,—
Seed Round - Upgrade Boutique,Seed,Seed,"$20,000","Aug 14, 2023",Upgrade Boutique,Upgrade Boutique is a managed marketplace that provides beauty products and services.,"Beauty, Cosmetics, Marketplace","Women Founded, Women Led","Houston, Texas, United States, North America",upgradeboutique.com,,"$2,720,000",Seed,3,Techstars,1
Seed Round - Arena Renewables,Seed,Seed,"$500,000","Aug 23, 2023",Arena Renewables,Arena Renewables is a community and distributed solar and storage developer that offers lower power bills and clean energy.,"Clean Energy, Energy Storage, Renewable Energy, Solar",—,"El Segundo, California, United States, North America",arenarenewables.com/,,"$500,000",Seed,1,—,—
Seed Round - UpHonest Capital,Seed,Seed,"$1,000","Aug 24, 2023",UpHonest Capital,"UpHonest Capital is an early-stage, industry-agnostic venture capital firm that partners with companies from pre-seed stage to Series A.","Business Development, Finance, Financial Services, Venture Capital",—,"Santa Clara, California, United States, North America",www.uphonestcapital.com,,"$1,000",Seed,1,—,—
Seed Round - Secchi,Seed,Seed,"$1,000,000","Aug 24, 2023",Secchi,Providing clarity for frontline leaders to make data-driven performance decisions.,Web Development,—,"Milwaukee, Wisconsin, United States, North America",www.secchi.io/,,"$1,000,000",Seed,1,—,—
Seed Round - GATC Health,Seed,Seed,"$240,000","Aug 23, 2023",GATC Health,GATC Health is a technology company that develops predictive multi-omics advanced technology.,"Biotechnology, Genetics, Health Diagnostics",—,"Irvine, California, United States, North America",www.gatchealth.com,,"$5,409,156",Seed,3,—,—
Seed Round - Shelby Ambulatory Surgery,Seed,Seed,"$22,000","Aug 23, 2023",Shelby Ambulatory Surgery,Shelby Ambulatory Surgery is a one place medical services company,"Health Care, Medical",—,"Alabaster, Alabama, United States, North America",www.shelbyasc.com/,,"$22,000",Seed,1,—,—
Pre Seed Round - LIS Technologies,Pre-Seed,Seed,"$334,023","Aug 22, 2023",LIS Technologies,LIS Technologies provider of laser isotope separation technologies optimized for uranium (HALEU) power generation.,Technical Support,—,"New City, New York, United States, North America",laseristech.com,,"$334,023",Seed,1,—,—
Seed Round - LogiX Biosciences,Seed,Seed,"$1,000,000","Aug 23, 2023",LogiX Biosciences,LogiX Biosciences engages in the field of nasal immune modulation.,"Health Care, Medical",—,"Monterey, California, United States, North America",logixbiosciences.com/,,"$1,000,000",Seed,1,—,—
Seed Round - Simple Search Fund,Seed,Seed,"$700,000","Aug 22, 2023",Simple Search Fund,"Simple Search Fund seeks businesses to acquire, operate, and grow with a focus on long-term value creation.","Business Development, Financial Services, Impact Investing",—,"Webster, Texas, United States, North America",www.simplesearchfund.com/,,"$700,000",Seed,1,—,—
Seed Round - Test Diagnostics,Seed,Seed,"$334,023","Aug 22, 2023",Test Diagnostics,Test Diagnostics is a developer of Point-of-Care diagnostic technology.,"Health Care, Health Diagnostics, Medical",—,"New York, New York, United States, North America",,,"$334,023",Seed,1,—,—
Seed Round - Runway Healthcare,Seed,Seed,"$400,000","Aug 22, 2023",Runway Healthcare,Runway Healthcare is a MedTech accelerator investing in early-stage technologies that transform patients’ lives.,"Health Care, Medical, Medical Device",—,"Philadelphia, Pennsylvania, United States, North America",runwayhc.com,,"$400,000",Seed,1,—,—
Pre Seed Round - Crowda,Pre-Seed,Seed,"$1,000,000","Aug 22, 2023",Crowda,An AI-powered online crowdfunding platform for the land development industry which connects investors to land developers,"Artificial Intelligence, Financial Services, Funding Platform, Real Estate",—,"Austin, Texas, United States, North America",crowda.io/,,"$1,000,000",Seed,1,—,—
Seed Round - GroupSense,Seed,Seed,"$225,000","Aug 21, 2023",GroupSense,"GroupSense is a provider of cyber intelligence services filled with search tools, feeds, and briefings.","Artificial Intelligence, Cyber Security, Information Technology, Network Security, Risk Management, Security",—,"Arlington, Virginia, United States, North America",groupsense.io,,"$1,401,497",Seed,3,—,—
Seed Round - Virtuoso Surgical,Seed,Seed,"$179,820","Aug 21, 2023",Virtuoso Surgical,Virtuoso Surgical specializes in developing endoscopic robotic tools for minimally invasive surgery.,"Biotechnology, Health Care, Robotics",—,"Nashville, Tennessee, United States, North America",virtuososurgical.net/,,"$179,820",Seed,3,—,—
Seed Round - Flow Environmental Systems,Seed,Seed,"$750,000","Aug 21, 2023",Flow Environmental Systems,Flow Environmental Systems is an engineering firm developing economically feasible and ecologically conscious HVAC&R technologies.,"CleanTech, Commercial, Machinery Manufacturing",—,"Seattle, Washington, United States, North America",www.flowenvirosys.com/,,"$750,000",Seed,2,—,—
Seed Round - ExoDexa,Seed,Seed,"$400,000","Aug 18, 2023",ExoDexa,ExoDexa gamifies online learning and provides online activities that prepare learners for college and life.,"E-Learning, Education, Information Technology",—,"San Francisco, California, United States, North America",www.exodexa.com,,"$400,000",Seed,2,—,—
Seed Round - SecureBoxLive,Seed,Seed,"$100,000","Aug 18, 2023",SecureBoxLive,SecureBoxLive specializes in the production of holster products for public and state firearm end-user entities.,"Manufacturing, Military, Public Safety",—,"Seattle, Washington, United States, North America",www.secureboxlive.com/,,"$100,000",Seed,1,—,—
Seed Round - Artificial Intelligence Medical Services,Seed,Seed,"$100,000","Aug 18, 2023",Artificial Intelligence Medical Services,Artificial Intelligence Medical Services is a provider of artificial intelligence-based medical services.,"Artificial Intelligence, Health Care, Medical",—,"Suwanee, Georgia, United States, North America",,,"$100,000",Seed,1,—,—
Pre Seed Round - Onboard AI,Pre-Seed,Seed,"$1,000,000","Aug 17, 2023",Onboard AI,AI chat with any codebase,"Enterprise Software, Machine Learning, Software",—,"San Francisco, California, United States, North America",www.getonboard.dev/,,"$1,000,000",Seed,2,—,7
Seed Round - FirstPathway Partners,Seed,Seed,"$800,000","Aug 17, 2023",FirstPathway Partners,FirstPathway Partners helps foreign investors become United States citizens through the EB5 program.,"Consulting, Financial Services, Impact Investing",—,"Milwaukee, Wisconsin, United States, North America",www.firstpathway.com/,,"$2,100,000",Seed,3,—,—
Seed Round - PredxBio,Seed,Seed,"$601,321","Aug 17, 2023",PredxBio,PredxBio is a computational pathology company developing AI tools to analyze whole slide image pathology samples based on spatial analytics.,"Analytics, Artificial Intelligence, Biotechnology, Clinical Trials, Medical",—,"Pittsburgh, Pennsylvania, United States, North America",predxbio.com/,,"$1,064,578",Seed,2,—,—
Seed Round - Revaly,Seed,Seed,"$900,800","Aug 17, 2023",Revaly,"Revaly develops and creates a digital platform that allows multiple users to access, share, and give reviews on 3D model projects.","3D Technology, Collaboration, Enterprise Software, Information Technology, Software",—,"West Columbia, South Carolina, United States, North America",revaly.com/,,"$900,800",Seed,1,—,—
Seed Round - Total Partners,Seed,Seed,"$70,000","Aug 16, 2023",Total Partners,"Total Partners is an equity partner in energy, real estate, finance, and entertainment.","Energy, Financial Services, Oil and Gas, Real Estate",—,"Tulsa, Oklahoma, United States, North America",total-partners.com/,,"$70,000",Seed,1,—,—
Seed Round - Breezy Software,Seed,Seed,"$1,400,000","Aug 14, 2023",Breezy Software,Breezy Software provides complete business management software for residential HVAC.,"Information Technology, Management Information Systems, SaaS, Software",—,"Denver, Colorado, United States, North America",www.getbreezyapp.com,,"$1,400,000",Seed,1,—,—
Seed Round - Moveable Feast,Seed,Seed,"$550,000","Aug 14, 2023",Moveable Feast,"Moveable Feast provides food designed for 4, 8, or 12 people.","Food and Beverage, Restaurants, Software",—,"Napa, California, United States, North America",www.moveablefeast.io/,,"$550,000",Seed,1,—,—
Seed Round - Sofi Exploration,Seed,Seed,"$331,465","Aug 11, 2023",Sofi Exploration,Sofi Exploration is a joint venture partnership that invests in oil and gas.,"Asset Management, Impact Investing, Oil and Gas",—,"Prosper, Texas, United States, North America",www.sofiexploration.com/,,"$1,533,215",Seed,4,—,—
Pre Seed Round - Documenso,Pre-Seed,Seed,"$1,250,000","Aug 11, 2023",Documenso,"Documenso is an open-source document signing tool that enables businesses to embrace openness, cooperation, and transparency.","Document Management, Information Technology, Software",—,"San Francisco, California, United States, North America",documenso.com/,,"$1,540,000",Seed,2,—,—
Pre Seed Round - Arvist,Pre-Seed,Seed,"$1,000,000","Sep 10, 2023",Arvist,Arvist improves productivity in warehouses and distribution centers with real-time digital twins without new infrastructure investments,"Artificial Intelligence, Computer Vision, Logistics, Machine Learning, Supply Chain Management, Warehousing",South Asian Founded,"Chicago, Illinois, United States, North America",arvist.ai/,,"$1,120,000",Seed,2,—,4
Seed Round - Integrate,Seed,Seed,"$3,400,000","Aug 15, 2023",Integrate,Integrate is a program management platform for the world's most ambitious machines.,"Hardware, Software",—,"Usk, Washington, United States, North America",integrate.co,,"$4,370,000",Seed,3,Hyperplane,3
Seed Round - Roadway,Seed,Seed,"$3,200,000","Aug 15, 2023",Roadway,AI-driven actionable analytics for growth marketing teams.,—,—,"San Rafael, California, United States, North America",roadwayai.com,,"$3,200,000",Seed,1,Neo,3
Seed Round - THUNDERBIRDS.ME INC,Seed,Seed,"$3,500,000","Sep 8, 2023",THUNDERBIRDS.ME INC,Augmented Reality Virtual Reality Mixed Reality Generative AI NLP LLM frameworks platform & services provider,"Artificial Intelligence, Augmented Reality, Blockchain, Cloud Computing, Computer Vision, Human Computer Interaction, Information Technology, Machine Learning, Natural Language Processing, Virtual Reality",—,"Orlando, Florida, United States, North America",www.thunderbirds.me/,,"$4,500,000",—,3,EST GLOBAL INC.,2
Seed Round - Calder Biosciences Inc.,Seed,Seed,"$525,000","Sep 12, 2023",Calder Biosciences Inc.,Creating next-generation vaccines to protect against infection,"Biopharma, Biotechnology, Health Care",—,"New York, New York, United States, North America",www.calderbiosciences.com/,,"$8,898,116",Seed,8,SOSV,3
Seed Round - Kintsugi,Seed,Seed,"$2,200,000","Aug 15, 2023",Kintsugi,automating sales tax for businesses globally,—,—,"San Francisco, California, United States, North America",trykintsugi.com,,"$2,200,000",Seed,1,"Kyber Knight Capital, Venture Highway",2
Seed Round - Movley,Seed,Seed,"$1,700,000","Aug 14, 2023",Movley,Movley provides management services for the typical product inspection.,"Quality Assurance, Service Industry, Small and Medium Businesses, Supply Chain Management",—,"Lewes, Delaware, United States, North America",movley.com,,"$3,035,000",Seed,2,Founders' Co-op,2
Seed Round - Sojo Industries,Seed,Seed,"$2,800,000","Sep 6, 2023",Sojo Industries,Sojo Industries is an industrial automation business that caters to the food and beverage industries.,"Food and Beverage, Industrial Automation, Manufacturing",—,"Bristol, Pennsylvania, United States, North America",sojoindustries.com/,,"$13,049,000",Seed,3,Tech Council Ventures,1
Pre Seed Round - FabuLingua,Pre-Seed,Seed,"$750,000","Aug 30, 2023",FabuLingua,FabuLingua is a language learning platform based on comprehensible input that empowers educators to teach kids through stories and games.,"Apps, Education, Mobile, Software, Video Games","Hispanic / Latine Founded, Women Founded, Women Led","Austin, Texas, United States, North America",www.fabulingua.com,,"$2,730,000",Seed,4,—,1
Pre Seed Round - Roomza,Pre-Seed,Seed,"$1,000,000","Aug 30, 2023",Roomza,"Roomza is better than brand hotels & Airbnb for consumers, workers, partners, & the planet","Hotel, Subscription Service, Travel, Travel Accommodations","Women Founded, Women Led","New York, New York, United States, North America",www.roomza.com,,"$1,000,000",Seed,1,—,1
Seed Round - Frontgrade Technologies,Seed,Seed,"$1,000,000","Sep 1, 2023",Frontgrade Technologies,"Frontgrade Technologies provide reliable, cutting-edge electronic solutions for space and national security.","E-Commerce, Electronics, Financial Services, Information Technology, Manufacturing, Retail, Software",—,"Colorado Springs, Colorado, United States, North America",frontgrade.com,,"$1,000,000",M&A,1,—,0
Pre Seed Round - Caden AI,Pre-Seed,Seed,"$250,000","Aug 16, 2023",Caden AI,"Caden allows anyone to build, test, run and optimize Generative AI applications. We make AI easy - you build better intelligence.","Artificial Intelligence, Enterprise Software, Natural Language Processing, SaaS, Software",—,"New York, New York, United States, North America",www.cadenai.com,,"$250,000",Seed,1,—,1
Seed Round - Every,Seed,Seed,"$1,000,000","Aug 28, 2023",Every,What Investing Becomes,"Auctions, Automotive, Fashion, Jewelry, Non Profit, Online Auctions, Retail Technology, Shoes, Trade Shows, Wine And Spirits",—,"Austin, Texas, United States, North America",investevery.co,,"$3,155,555",Seed,2,—,1
Seed Round - RAI,Seed,Seed,"$1,850,000","Sep 10, 2023",RAI,"RAI is a mixed reality, generative AI, metaverse, multiverse software solutions, platforms, and services provider.","Artificial Intelligence, Augmented Reality, Blockchain, Computer Vision, Human Computer Interaction, Machine Learning, Virtual Reality",—,"Orlando, Florida, United States, North America",www.rai-inc.com,,"$4,850,000",—,3,EST GLOBAL INC.,1
Pre Seed Round - Nitrility,Pre-Seed,Seed,"$50,000","Aug 21, 2023",Nitrility,Nitrility is an intellectual property platform that facilitates the peer-to-peer transfer of property rights and licenses.,"Blockchain, Internet, Marketplace, Peer to Peer, Software",—,"New York, New York, United States, North America",www.nitrility.com,,"$350,000",Seed,5,Anush Amin,1
Pre Seed Round - Xerataus IQX,Pre-Seed,Seed,"$25,000,000","Sep 1, 2023",Xerataus IQX,Xerataus IQX provides healthcare intelligence solutions.,"Artificial Intelligence, Assistive Technology, Health Care, Intelligent Systems, Medical","Hispanic / Latine Founded, Hispanic / Latine Led","Charlotte, North Carolina, United States, North America",linktr.ee/xerataus,,"$50,000,000",Seed,2,IO Group,1
Pre Seed Round - nuTRAD.IO,Pre-Seed,Seed,"$250,000","Sep 6, 2023",nuTRAD.IO,"The company builds self-correcting AI connections between brands, distributors, and retailers.","Industrial Automation, Retail Technology, Software",—,"Chicago, Illinois, United States, North America",www.nutrad.io/,,"$750,000",Seed,3,—,—
Seed Round - Fortuna Media Group,Seed,Seed,"$40,000","Sep 1, 2023",Fortuna Media Group,Social Media Development & eCommerce,"Artificial Intelligence, E-Commerce, Financial Services, Information Technology, Marketing, Social Media, Social Media Management, Social Network, Social News, Web Development",—,"Seattle, Washington, United States, North America",www.fortunamediagroup.com,,"$277,500",Seed,10,—,—
Seed Round - TShirt At Low Price,Seed,Seed,"$300,000","Sep 11, 2023",TShirt At Low Price,TShirt At Low Price is a print-on-demand E-Commerce that customizes gifts for any occasion.,E-Commerce,—,"Boulder, Colorado, United States, North America",tshirtatlowprice.com/,,"$400,000",Seed,2,—,—
Pre Seed Round - 100X Bioassay,Pre-Seed,Seed,"$10,000","Sep 4, 2023",100X Bioassay,100X more efficient T cell research,"Biopharma, Biotechnology, Life Science",—,"Woburn, Massachusetts, United States, North America",www.100xbio.com/,,"$20,000",Seed,2,—,—
Pre Seed Round - 100X Bioassay,Pre-Seed,Seed,"$10,000","Aug 31, 2023",100X Bioassay,100X more efficient T cell research,"Biopharma, Biotechnology, Life Science",—,"Woburn, Massachusetts, United States, North America",www.100xbio.com/,,"$20,000",Seed,2,—,—
Pre Seed Round - Fixty,Pre-Seed,Seed,"$15,000","Sep 1, 2023",Fixty,"Marketplace, Automotive, E-Commerce, Auto Maintenance","Automotive, Consumer, E-Commerce, Logistics, Marketplace, Software",—,"Los Angeles, California, United States, North America",fixty.com,,"$15,000",Seed,1,—,—
Pre Seed Round - ENAMELAI,Pre-Seed,Seed,"$250,000","Aug 20, 2023",ENAMELAI,"AI-driven healthcare CRM, streamlining patient management & diagnosis, enhancing telehealth and optimizing clinic operations.","CRM, Electronic Health Record (EHR), Health Care, SaaS, Software",—,"Irvine, California, United States, North America",enamelai.com,,"$250,000",Seed,1,—,—
Seed Round - Realbricks,Seed,Seed,"$2,000,000","Sep 9, 2023",Realbricks,Realbricks is a proptech company that democratizes real estate investing.,FinTech,—,"Buffalo, Wyoming, United States, North America",www.realbricks.com,,"$6,500,000",Seed,3,—,—
Pre Seed Round - Vala AI,Pre-Seed,Seed,"$100,000","Aug 22, 2023",Vala AI,Vala AI is a vanguard of innovation that is reshaping how companies navigate the complex realm of legacy IT integrations.,"Artificial Intelligence, SaaS, Software",—,"Seattle, Washington, United States, North America",vala.biz,,"$100,000",Seed,1,—,—
Seed Round - inspace,Seed,Seed,"$500,000","Sep 5, 2023",inspace,"AI-driven workplace platform (B2B SaaS, PLG). Helps workplaces work better.","Business Intelligence, Commercial Real Estate, Coworking, Enterprise Software, Meeting Software, Office Administration, SaaS, Sharing Economy, Software",Women Founded,"Boston, Massachusetts, United States, North America",www.inspace.app,,"$3,100,000",Seed,2,—,—
Seed Round - EcoMap Technologies,Seed,Seed,"$3,500,000","Aug 15, 2023",EcoMap Technologies,"We create data-drive platforms to power any ecosystem, from entrepreneurial communities, to industries, to corporate networks","Analytics, Artificial Intelligence, Business Intelligence, Communities","Black / African American Led, Women Founded, Women Led","Baltimore, Maryland, United States, North America",www.ecomap.tech,,"$7,365,000",Seed,4,—,—
Pre Seed Round - Vexxel Biotech,Pre-Seed,Seed,"$200,000","Aug 15, 2023",Vexxel Biotech,Smart delivery for sustainable agriculture,—,—,"Delaware, Ohio, United States, North America",,,"$200,000",Seed,1,—,—
Pre Seed Round - New Native,Pre-Seed,Seed,"$1,340,000","Aug 15, 2023",New Native,"New Native is an AI platform designed to aggregate AI tech, develop AI solutions, and distribute them at scale.","Artificial Intelligence, Impact Investing, Information Technology, Machine Learning",—,"Lewes, Delaware, United States, North America",newnative.ai,,"$2,543,500",Seed,3,—,—
Seed Round - Spike Dynamics,Seed,Seed,"$280,000","Aug 15, 2023",Spike Dynamics,"Artificial Muscles for Aerospace, Robotics, MedTech. Small, lightweight, fast, radhard, -100C - +150C, excellent NASA review.","Aerospace, Hardware, Medical, Robotics",—,"San Francisco, California, United States, North America",www.spikedynamics.com,,"$280,000",Seed,1,—,—
